,Serial Num,Day,Month,hr,holiday,weekday,Weather info,Temprature,Celsius,Humidity,windspeed,casual,registered,Count
0,1,2011-01-01,1,0,False,6,1,0.24,0.2879,0.81,0.0,3,13,16
1,2,2011-01-01,1,1,False,6,1,0.22,0.2727,0.8,0.0,8,32,40
2,3,2011-01-01,1,2,False,6,1,0.22,0.2727,0.8,0.0,5,27,32
3,4,2011-01-01,1,3,False,6,1,0.24,0.2879,0.75,0.0,3,10,13
4,5,2011-01-01,1,4,False,6,1,0.24,0.2879,0.75,0.0,0,1,1
5,6,2011-01-01,1,5,False,6,2,0.24,0.2576,0.75,0.0896,0,1,1
6,7,2011-01-01,1,6,False,6,1,0.22,0.2727,0.8,0.0,2,0,2
7,8,2011-01-01,1,7,False,6,1,0.2,0.2576,0.86,0.0,1,2,3
8,9,2011-01-01,1,8,False,6,1,0.24,,0.75,0.0,1,7,8
9,10,2011-01-01,1,9,False,6,1,0.32,0.3485,0.76,0.0,8,6,14
10,11,2011-01-01,1,10,False,6,1,0.38,0.3939,0.76,0.2537,12,24,36
11,12,2011-01-01,1,11,False,6,1,0.36,0.3333,0.81,0.2836,26,30,56
12,13,2011-01-01,1,12,False,6,1,0.42,0.4242,0.77,0.2836,29,55,84
13,14,2011-01-01,1,13,False,6,2,0.44079678099969144,0.4545,0.72,0.2985,47,47,94
14,15,2011-01-01,1,14,False,6,2,0.44079678099969144,0.4545,0.72,0.2836,35,71,106
15,16,2011-01-01,1,15,False,6,2,0.44,0.4394,0.77,0.2985,40,70,110
16,17,2011-01-01,1,16,False,6,2,0.42,0.4242,0.82,0.2985,41,52,93
17,18,2011-01-01,1,17,False,6,2,0.44,,0.82,0.2836,15,52,67
18,19,2011-01-01,1,18,False,6,3,0.42,0.4242,0.88,0.2537,9,26,35
19,20,2011-01-01,1,19,False,6,3,0.42,0.4242,0.88,0.2537,6,31,37
20,21,2011-01-01,1,20,False,6,2,0.4,0.4091,0.87,0.2537,11,25,36
21,22,2011-01-01,1,21,False,6,2,0.4,0.4091,0.87,0.194,3,31,34
22,23,2011-01-01,1,22,False,6,2,0.4,0.4091,0.94,0.2239,11,17,28
23,24,2011-01-01,1,23,False,6,2,0.44079678099969144,,0.88,0.2985,15,24,39
24,25,2011-01-02,1,0,False,0,2,0.44079678099969144,0.4545,0.88,0.2985,4,13,17
25,26,2011-01-02,1,1,False,0,2,0.44,0.4394,0.94,0.2537,1,16,17
26,27,2011-01-02,1,2,False,0,2,0.42,0.4242,1.0,0.2836,1,8,9
27,28,2011-01-02,1,3,False,0,2,0.44079678099969144,0.4545,0.94,0.194,2,4,6
28,29,2011-01-02,1,4,False,0,2,0.44079678099969144,,0.94,0.194,2,1,3
29,30,2011-01-02,1,6,False,0,3,0.42,0.4242,0.77,0.2985,0,2,2
30,31,2011-01-02,1,7,False,0,2,0.4,0.4091,0.76,0.194,0,1,1
31,32,2011-01-02,1,8,False,0,3,0.4,0.4091,0.71,0.2239,0,8,8
32,33,2011-01-02,1,9,False,0,2,0.38,,0.76,0.2239,1,19,20
33,34,2011-01-02,1,10,False,0,2,0.36,0.3485,0.81,0.2239,7,46,53
34,35,2011-01-02,1,11,False,0,2,0.36,0.3333,0.71,0.2537,16,54,70
35,36,2011-01-02,1,12,False,0,2,0.36,0.3333,0.66,0.2985,20,73,93
36,37,2011-01-02,1,13,False,0,2,0.36,0.3485,0.66,0.1343,11,64,75
37,38,2011-01-02,1,14,False,0,3,0.36,,0.76,0.194,4,55,59
38,39,2011-01-02,1,15,False,0,3,0.34,0.3333,0.81,0.1642,19,55,74
39,40,2011-01-02,1,16,False,0,3,0.34,0.3333,0.71,0.1642,9,67,76
40,41,2011-01-02,1,17,False,0,1,0.34,0.3333,0.57,0.194,7,58,65
41,42,2011-01-02,1,18,False,0,2,0.36,0.3333,0.46,0.3284,10,43,53
42,43,2011-01-02,1,19,False,0,1,0.32,0.2879,0.42,0.4478,1,29,30
43,44,2011-01-02,1,20,False,0,1,0.3,,0.39,0.3582,5,17,22
44,45,2011-01-02,1,21,False,0,1,0.26,0.2273,0.44,0.3284,11,20,31
45,46,2011-01-02,1,22,False,0,1,0.24,0.2121,0.44,0.2985,0,9,9
46,47,2011-01-02,1,23,False,0,1,0.22,0.2273,0.47,0.1642,0,8,8
47,48,2011-01-03,1,0,False,1,1,0.22,0.197,0.44,0.3582,0,5,5
48,49,2011-01-03,1,1,False,1,1,0.2,,0.44,0.4179,0,2,2
49,50,2011-01-03,1,4,False,1,1,0.16,0.1364,0.47,0.3881,0,1,1
50,51,2011-01-03,1,5,False,1,1,0.16,0.1364,0.47,0.2836,0,3,3
51,52,2011-01-03,1,6,False,1,1,0.14,0.1061,0.5,0.3881,0,30,30
52,53,2011-01-03,1,7,False,1,1,0.14,0.1364,0.5,0.194,1,63,64
53,54,2011-01-03,1,8,False,1,1,0.14,0.1212,0.5,0.2836,1,153,154
54,55,2011-01-03,1,9,False,1,1,0.16,0.1364,0.43,0.3881,7,81,88
55,56,2011-01-03,1,10,False,1,1,0.18,0.1667,0.43,0.2537,11,33,44
56,57,2011-01-03,1,11,False,1,1,0.2,0.1818,0.4,0.3284,10,41,51
57,58,2011-01-03,1,12,False,1,1,0.22,0.2121,0.35,0.2985,13,48,61
58,59,2011-01-03,1,13,False,1,1,0.24,,0.35,0.2836,8,53,61
59,60,2011-01-03,1,14,False,1,1,0.26,0.2424,0.3,0.2836,11,66,77
60,61,2011-01-03,1,15,False,1,1,0.26,0.2424,0.3,0.2537,14,58,72
61,62,2011-01-03,1,16,False,1,1,0.26,0.2424,0.3,0.2537,9,67,76
62,63,2011-01-03,1,17,False,1,1,0.24,0.2273,0.3,0.2239,11,146,157
63,64,2011-01-03,1,18,False,1,1,0.24,0.2576,0.32,0.1045,9,148,157
64,65,2011-01-03,1,19,False,1,1,0.2,0.2576,0.47,0.0,8,102,110
65,66,2011-01-03,1,20,False,1,1,0.2,,0.47,0.1045,3,49,52
66,67,2011-01-03,1,21,False,1,1,0.18,0.197,0.64,0.1343,3,49,52
67,68,2011-01-03,1,22,False,1,1,0.14,0.1515,0.69,0.1343,0,20,20
68,69,2011-01-03,1,23,False,1,1,0.18,0.2121,0.55,0.1045,1,11,12
69,70,2011-01-04,1,0,False,2,1,0.16,,0.55,0.1045,0,5,5
70,71,2011-01-04,1,1,False,2,1,0.16,0.1818,0.59,0.1045,0,2,2
71,72,2011-01-04,1,2,False,2,1,0.14,0.1515,0.63,0.1343,0,1,1
72,73,2011-01-04,1,4,False,2,1,0.14,0.1818,0.63,0.0896,0,2,2
73,74,2011-01-04,1,5,False,2,1,0.12,0.1515,0.68,0.1045,0,4,4
74,75,2011-01-04,1,6,False,2,1,0.12,0.1515,0.74,0.1045,0,36,36
75,76,2011-01-04,1,7,False,2,1,0.12,0.1515,0.74,0.1343,2,92,94
76,77,2011-01-04,1,8,False,2,1,0.14,0.1515,0.69,0.1642,2,177,179
77,78,2011-01-04,1,9,False,2,1,0.16,0.1515,0.64,0.2239,2,98,100
78,79,2011-01-04,1,10,False,2,2,0.16,0.1364,0.69,0.3284,5,37,42
79,80,2011-01-04,1,11,False,2,1,0.22,0.2121,0.51,0.2985,7,50,57
80,81,2011-01-04,1,12,False,2,1,0.22,0.2273,0.51,0.1642,12,66,78
81,82,2011-01-04,1,13,False,2,1,0.24,0.2273,0.56,0.194,18,79,97
82,83,2011-01-04,1,14,False,2,1,0.26,0.2576,0.52,0.2239,9,54,63
83,84,2011-01-04,1,15,False,2,1,0.28,0.2727,0.52,0.2537,17,48,65
84,85,2011-01-04,1,16,False,2,1,0.3,0.2879,0.49,0.2537,15,68,83
85,86,2011-01-04,1,17,False,2,1,0.28,0.2727,0.48,0.2239,10,202,212
86,87,2011-01-04,1,18,False,2,1,0.26,0.2576,0.48,0.194,3,179,182
87,88,2011-01-04,1,19,False,2,1,0.24,0.2576,0.48,0.1045,2,110,112
88,89,2011-01-04,1,20,False,2,1,0.24,0.2576,0.48,0.1045,1,53,54
89,90,2011-01-04,1,21,False,2,1,0.22,0.2727,0.64,0.0,0,48,48
90,91,2011-01-04,1,22,False,2,1,0.22,0.2576,0.64,0.0896,1,34,35
91,92,2011-01-04,1,23,False,2,1,0.2,0.2273,0.69,0.0896,2,9,11
92,93,2011-01-05,1,0,False,3,1,0.2,0.2576,0.64,0.0,0,6,6
93,94,2011-01-05,1,1,False,3,1,0.16,0.197,0.74,0.0896,0,6,6
94,95,2011-01-05,1,2,False,3,1,0.16,0.197,0.74,0.0896,0,2,2
95,96,2011-01-05,1,4,False,3,1,0.24,0.2273,0.48,0.2239,0,2,2
96,97,2011-01-05,1,5,False,3,1,0.22,0.2273,0.47,0.1642,0,3,3
97,98,2011-01-05,1,6,False,3,1,0.2,0.197,0.47,0.2239,0,33,33
98,99,2011-01-05,1,7,False,3,1,0.18,0.1818,0.43,0.194,1,87,88
99,100,2011-01-05,1,8,False,3,1,0.2,0.1818,0.4,0.2985,3,192,195
100,101,2011-01-05,1,9,False,3,1,0.22,0.197,0.37,0.3284,6,109,115
101,102,2011-01-05,1,10,False,3,1,0.22,0.197,0.37,0.3284,4,53,57
102,103,2011-01-05,1,11,False,3,1,0.26,0.2273,0.33,0.3284,12,34,46
103,104,2011-01-05,1,12,False,3,1,0.26,0.2273,0.33,0.3284,5,74,79
104,105,2011-01-05,1,13,False,3,1,0.28,0.2576,0.3,0.2985,6,65,71
105,106,2011-01-05,1,14,False,3,1,0.3,0.2879,0.28,0.194,10,52,62
106,107,2011-01-05,1,15,False,3,1,0.3,0.2879,0.28,0.194,7,55,62
107,108,2011-01-05,1,16,False,3,1,0.3,0.3182,0.28,0.0896,4,85,89
108,109,2011-01-05,1,17,False,3,1,0.24,0.2273,0.38,0.194,4,186,190
109,110,2011-01-05,1,18,False,3,1,0.24,0.2424,0.38,0.1343,3,166,169
110,111,2011-01-05,1,19,False,3,1,0.24,0.2576,0.38,0.1045,5,127,132
111,112,2011-01-05,1,20,False,3,1,0.22,0.2273,0.47,0.1642,7,82,89
112,113,2011-01-05,1,21,False,3,1,0.2,0.197,0.51,0.194,3,40,43
113,114,2011-01-05,1,22,False,3,1,0.18,0.197,0.55,0.1343,1,41,42
114,115,2011-01-05,1,23,False,3,1,0.2,0.2576,0.47,0.0,1,18,19
115,116,2011-01-06,1,0,False,4,1,0.18,0.2424,0.55,0.0,0,11,11
116,117,2011-01-06,1,1,False,4,1,0.16,0.2273,0.64,0.0,0,4,4
117,118,2011-01-06,1,2,False,4,1,0.16,0.2273,0.64,0.0,0,2,2
118,119,2011-01-06,1,4,False,4,2,0.16,0.197,0.64,0.0896,0,1,1
119,120,2011-01-06,1,5,False,4,2,0.14,0.1818,0.69,0.0896,0,4,4
120,121,2011-01-06,1,6,False,4,2,0.14,0.1667,0.63,0.1045,0,36,36
121,122,2011-01-06,1,7,False,4,2,0.16,0.2273,0.59,0.0,0,95,95
122,123,2011-01-06,1,8,False,4,1,0.16,0.2273,0.59,0.0,3,216,219
123,124,2011-01-06,1,9,False,4,2,0.18,0.2424,0.51,0.0,6,116,122
124,125,2011-01-06,1,10,False,4,1,0.2,0.2576,0.47,0.0,3,42,45
125,126,2011-01-06,1,11,False,4,1,0.22,0.2576,0.44,0.0896,2,57,59
126,127,2011-01-06,1,12,False,4,1,0.26,0.2879,0.35,0.0,6,78,84
127,128,2011-01-06,1,13,False,4,1,0.26,0.2727,0.35,0.1045,12,55,67
128,129,2011-01-06,1,14,False,4,1,0.28,0.2727,0.36,0.1642,11,59,70
129,130,2011-01-06,1,15,False,4,1,0.28,0.2727,0.36,0.0,8,54,62
130,131,2011-01-06,1,16,False,4,1,0.26,0.2576,0.38,0.1642,12,74,86
131,132,2011-01-06,1,17,False,4,1,0.22,0.2273,0.51,0.1642,9,163,172
132,133,2011-01-06,1,18,False,4,1,0.22,0.2273,0.51,0.1343,5,158,163
133,134,2011-01-06,1,19,False,4,1,0.22,0.2576,0.55,0.0896,3,109,112
134,135,2011-01-06,1,20,False,4,1,0.2,0.2121,0.51,0.1642,3,66,69
135,136,2011-01-06,1,21,False,4,2,0.22,0.2121,0.55,0.2239,0,48,48
136,137,2011-01-06,1,22,False,4,2,0.22,0.2121,0.51,0.2836,1,51,52
137,138,2011-01-06,1,23,False,4,2,0.2,0.197,0.59,0.194,4,19,23
138,139,2011-01-07,1,0,False,5,2,0.2,0.197,0.64,0.194,4,13,17
139,140,2011-01-07,1,1,False,5,2,0.2,0.197,0.69,0.2239,2,5,7
140,141,2011-01-07,1,2,False,5,2,0.2,0.197,0.69,0.2239,0,1,1
141,142,2011-01-07,1,4,False,5,2,0.2,0.2121,0.69,0.1343,0,1,1
142,143,2011-01-07,1,5,False,5,3,0.22,0.2727,0.55,0.0,0,5,5
143,144,2011-01-07,1,6,False,5,2,0.2,0.2576,0.69,0.0,8,26,34
144,145,2011-01-07,1,7,False,5,1,0.2,0.2121,0.69,0.1343,8,76,84
145,146,2011-01-07,1,8,False,5,1,0.2,0.197,0.51,0.2537,20,190,210
146,147,2011-01-07,1,9,False,5,1,0.2,0.1818,0.47,0.2985,9,125,134
147,148,2011-01-07,1,10,False,5,1,0.22,0.197,0.37,0.3284,16,47,63
148,149,2011-01-07,1,11,False,5,2,0.2,0.197,0.4,0.2239,19,48,67
149,150,2011-01-07,1,12,False,5,2,0.2,0.197,0.37,0.2537,9,50,59
150,151,2011-01-07,1,13,False,5,2,0.2,0.1818,0.37,0.2836,9,64,73
151,152,2011-01-07,1,14,False,5,2,0.2,0.197,0.4,0.2537,7,43,50
152,153,2011-01-07,1,15,False,5,2,0.2,0.2121,0.37,0.1642,9,63,72
153,154,2011-01-07,1,16,False,5,2,0.2,0.2121,0.37,0.1642,5,82,87
154,155,2011-01-07,1,17,False,5,2,0.2,0.2576,0.37,0.0,9,178,187
155,156,2011-01-07,1,18,False,5,1,0.2,0.2273,0.4,0.0896,7,116,123
156,157,2011-01-07,1,19,False,5,1,0.16,0.197,0.55,0.0896,3,92,95
157,158,2011-01-07,1,20,False,5,1,0.18,0.2121,0.47,0.1045,1,50,51
158,159,2011-01-07,1,21,False,5,1,0.18,0.197,0.47,0.1343,0,39,39
159,160,2011-01-07,1,22,False,5,2,0.18,0.197,0.43,0.1642,2,34,36
160,161,2011-01-07,1,23,False,5,2,0.18,0.197,0.51,0.1642,1,14,15
161,162,2011-01-08,1,0,False,6,2,0.18,0.197,0.51,0.1642,1,24,25
162,163,2011-01-08,1,1,False,6,2,0.18,0.2121,0.55,0.0896,1,15,16
163,164,2011-01-08,1,2,False,6,2,0.18,0.2424,0.55,0.0,3,13,16
164,165,2011-01-08,1,3,False,6,3,0.18,0.197,0.55,0.1642,0,7,7
165,166,2011-01-08,1,4,False,6,3,0.18,0.197,0.55,0.1642,0,1,1
166,167,2011-01-08,1,5,False,6,2,0.16,0.1667,0.74,0.1642,0,5,5
167,168,2011-01-08,1,6,False,6,2,0.16,0.1667,0.74,0.1642,0,2,2
168,169,2011-01-08,1,7,False,6,2,0.16,0.1818,0.74,0.1045,1,8,9
169,170,2011-01-08,1,8,False,6,3,0.16,0.1818,0.93,0.1045,0,15,15
170,171,2011-01-08,1,9,False,6,3,0.16,0.1818,0.93,0.1045,0,20,20
171,172,2011-01-08,1,10,False,6,2,0.18,0.197,0.8,0.1642,5,56,61
172,173,2011-01-08,1,11,False,6,2,0.2,0.1818,0.69,0.3881,2,60,62
173,174,2011-01-08,1,12,False,6,2,0.2,0.1818,0.59,0.3582,8,90,98
174,175,2011-01-08,1,13,False,6,1,0.2,0.1818,0.44,0.3284,7,95,102
175,176,2011-01-08,1,14,False,6,1,0.2,0.1667,0.32,0.4925,12,83,95
176,177,2011-01-08,1,15,False,6,1,0.2,0.1667,0.32,0.4478,5,69,74
177,178,2011-01-08,1,16,False,6,1,0.18,0.1364,0.29,0.4478,8,68,76
178,179,2011-01-08,1,17,False,6,1,0.16,0.1212,0.37,0.5522,5,64,69
179,180,2011-01-08,1,18,False,6,1,0.14,0.1212,0.39,0.2985,3,52,55
180,181,2011-01-08,1,19,False,6,1,0.14,0.1212,0.36,0.2537,4,26,30
181,182,2011-01-08,1,20,False,6,1,0.12,0.1212,0.36,0.2537,0,28,28
182,183,2011-01-08,1,21,False,6,1,0.12,0.1061,0.39,0.3582,2,35,37
183,184,2011-01-08,1,22,False,6,1,0.12,0.1061,0.36,0.3881,1,33,34
184,185,2011-01-08,1,23,False,6,1,0.1,0.0606,0.39,0.4478,0,22,22
185,186,2011-01-09,1,0,False,0,1,0.1,0.0758,0.42,0.3881,1,24,25
186,187,2011-01-09,1,1,False,0,1,0.1,0.0606,0.42,0.4627,0,12,12
187,188,2011-01-09,1,2,False,0,1,0.1,0.0606,0.46,0.4627,0,11,11
188,189,2011-01-09,1,3,False,0,1,0.1,0.0758,0.46,0.4179,0,4,4
189,190,2011-01-09,1,4,False,0,1,0.08,0.0909,0.53,0.194,0,1,1
190,191,2011-01-09,1,5,False,0,1,0.08,0.0909,0.53,0.194,0,1,1
191,192,2011-01-09,1,6,False,0,1,0.1,0.0909,0.49,0.2836,0,1,1
192,193,2011-01-09,1,7,False,0,1,0.08,0.0909,0.53,0.194,1,5,6
193,194,2011-01-09,1,8,False,0,1,0.1,0.0909,0.49,0.2836,0,10,10
194,195,2011-01-09,1,9,False,0,1,0.12,0.0758,0.46,0.5224,0,19,19
195,196,2011-01-09,1,10,False,0,1,0.14,0.1061,0.43,0.3881,0,49,49
196,197,2011-01-09,1,11,False,0,1,0.16,0.1212,0.4,0.5224,2,47,49
197,198,2011-01-09,1,12,False,0,1,0.18,0.1364,0.37,0.4478,4,79,83
198,199,2011-01-09,1,13,False,0,1,0.2,0.1667,0.34,0.4478,6,69,75
199,200,2011-01-09,1,14,False,0,1,0.22,0.1818,0.32,0.4627,8,64,72
200,201,2011-01-09,1,15,False,0,1,0.22,0.197,0.35,0.3582,5,77,82
201,202,2011-01-09,1,16,False,0,1,0.2,0.1667,0.34,0.4478,13,79,92
202,203,2011-01-09,1,17,False,0,1,0.18,0.1515,0.37,0.3881,3,59,62
203,204,2011-01-09,1,18,False,0,1,0.16,0.1364,0.4,0.3284,4,44,48
204,205,2011-01-09,1,19,False,0,1,0.16,0.1364,0.43,0.3284,1,40,41
205,206,2011-01-09,1,20,False,0,1,0.14,0.1212,0.46,0.2537,0,38,38
206,207,2011-01-09,1,21,False,0,1,0.14,0.1061,0.46,0.4179,1,19,20
207,208,2011-01-09,1,22,False,0,1,0.14,0.1212,0.46,0.2985,5,10,15
208,209,2011-01-09,1,23,False,0,1,0.12,0.1364,0.5,0.194,0,6,6
209,210,2011-01-10,1,0,False,1,1,0.12,0.1212,0.5,0.2836,2,3,5
210,211,2011-01-10,1,1,False,1,1,0.12,0.1212,0.5,0.2836,1,0,1
211,212,2011-01-10,1,2,False,1,1,0.12,0.1212,0.5,0.2239,0,3,3
212,213,2011-01-10,1,3,False,1,1,0.12,0.1212,0.5,0.2239,0,1,1
213,214,2011-01-10,1,4,False,1,1,0.1,0.1212,0.54,0.1343,1,2,3
214,215,2011-01-10,1,5,False,1,1,0.1,0.1061,0.54,0.2537,0,3,3
215,216,2011-01-10,1,6,False,1,1,0.12,0.1212,0.5,0.2836,0,31,31
216,217,2011-01-10,1,7,False,1,1,0.12,0.1212,0.5,0.2239,2,75,77
217,218,2011-01-10,1,8,False,1,2,0.12,0.1212,0.5,0.2836,4,184,188
218,219,2011-01-10,1,9,False,1,2,0.14,0.1212,0.5,0.2537,2,92,94
219,220,2011-01-10,1,10,False,1,2,0.14,0.1212,0.5,0.2985,0,31,31
220,221,2011-01-10,1,11,False,1,2,0.16,0.1364,0.47,0.2836,2,28,30
221,222,2011-01-10,1,12,False,1,2,0.2,0.1818,0.4,0.2836,5,47,52
222,223,2011-01-10,1,13,False,1,2,0.2,0.1818,0.4,0.2836,4,50,54
223,224,2011-01-10,1,14,False,1,2,0.2,0.197,0.4,0.2239,0,47,47
224,225,2011-01-10,1,15,False,1,2,0.2,0.197,0.4,0.2239,2,43,45
225,226,2011-01-10,1,16,False,1,1,0.2,0.2121,0.4,0.1343,4,70,74
226,227,2011-01-10,1,17,False,1,1,0.2,0.2273,0.4,0.1045,4,174,178
227,228,2011-01-10,1,18,False,1,1,0.2,0.197,0.4,0.2239,1,154,155
228,229,2011-01-10,1,19,False,1,1,0.16,0.1667,0.47,0.1642,3,92,95
229,230,2011-01-10,1,20,False,1,1,0.16,0.1667,0.5,0.1642,1,73,74
230,231,2011-01-10,1,21,False,1,1,0.14,0.1364,0.59,0.194,1,37,38
231,232,2011-01-10,1,22,False,1,1,0.14,0.1515,0.59,0.1642,2,22,24
232,233,2011-01-10,1,23,False,1,1,0.14,0.1515,0.59,0.1642,0,18,18
233,234,2011-01-11,1,0,False,2,1,0.14,0.1667,0.59,0.1045,2,10,12
234,235,2011-01-11,1,1,False,2,1,0.14,0.1515,0.59,0.1642,0,3,3
235,236,2011-01-11,1,2,False,2,2,0.16,0.1515,0.55,0.194,0,3,3
236,237,2011-01-11,1,5,False,2,2,0.16,0.1818,0.55,0.1343,0,6,6
237,238,2011-01-11,1,6,False,2,2,0.16,0.1818,0.55,0.1343,0,27,27
238,239,2011-01-11,1,7,False,2,2,0.16,0.2273,0.55,0.0,2,97,99
239,240,2011-01-11,1,8,False,2,2,0.18,0.2121,0.51,0.0896,3,214,217
240,241,2011-01-11,1,9,False,2,2,0.18,0.197,0.51,0.1642,3,127,130
241,242,2011-01-11,1,10,False,2,2,0.2,0.2121,0.51,0.1642,3,51,54
242,243,2011-01-11,1,11,False,2,2,0.2,0.2121,0.47,0.1343,4,31,35
243,244,2011-01-11,1,12,False,2,2,0.2,0.2273,0.51,0.1045,2,55,57
244,245,2011-01-11,1,13,False,2,2,0.2,0.2273,0.59,0.0896,6,46,52
245,246,2011-01-11,1,14,False,2,2,0.2,0.2273,0.59,0.0896,3,60,63
246,247,2011-01-11,1,15,False,2,2,0.16,0.197,0.8,0.0896,2,45,47
247,248,2011-01-11,1,16,False,2,2,0.16,0.1515,0.86,0.2239,4,72,76
248,249,2011-01-11,1,17,False,2,2,0.16,0.1515,0.86,0.2239,6,130,136
249,250,2011-01-11,1,18,False,2,3,0.16,0.1818,0.93,0.1045,1,94,95
250,251,2011-01-11,1,19,False,2,3,0.16,0.2273,0.93,0.0,0,51,51
251,252,2011-01-11,1,20,False,2,3,0.16,0.1515,0.93,0.194,0,32,32
252,253,2011-01-11,1,21,False,2,3,0.16,0.197,0.86,0.0896,0,20,20
253,254,2011-01-11,1,22,False,2,3,0.16,0.1818,0.93,0.1045,1,28,29
254,255,2011-01-11,1,23,False,2,3,0.16,0.197,0.93,0.0896,1,18,19
255,256,2011-01-12,1,0,False,3,2,0.16,0.197,0.86,0.0896,0,7,7
256,257,2011-01-12,1,1,False,3,2,0.16,0.1818,0.86,0.1045,0,6,6
257,258,2011-01-12,1,2,False,3,1,0.14,0.1515,0.86,0.1343,0,1,1
258,259,2011-01-12,1,5,False,3,1,0.14,0.1515,0.86,0.1642,0,5,5
259,260,2011-01-12,1,6,False,3,1,0.12,0.1515,0.93,0.1343,0,16,16
260,261,2011-01-12,1,7,False,3,1,0.14,0.1515,0.69,0.1343,0,54,54
261,262,2011-01-12,1,8,False,3,1,0.16,0.1667,0.59,0.1642,3,125,128
262,263,2011-01-12,1,9,False,3,1,0.16,0.1364,0.59,0.3284,3,78,81
263,264,2011-01-12,1,10,False,3,1,0.18,0.1818,0.55,0.2239,0,39,39
264,265,2011-01-12,1,11,False,3,1,0.2,0.1818,0.51,0.3881,3,32,35
265,266,2011-01-12,1,12,False,3,1,0.2,0.1515,0.47,0.5821,3,52,55
266,267,2011-01-12,1,13,False,3,1,0.22,0.197,0.44,0.3582,0,49,49
267,268,2011-01-12,1,14,False,3,1,0.2,0.1818,0.47,0.3284,0,44,44
268,269,2011-01-12,1,15,False,3,1,0.2,0.1667,0.47,0.4179,1,48,49
269,270,2011-01-12,1,16,False,3,1,0.22,0.197,0.44,0.3284,5,63,68
270,271,2011-01-12,1,17,False,3,1,0.2,0.1818,0.47,0.3582,0,139,139
271,272,2011-01-12,1,18,False,3,1,0.2,0.1515,0.47,0.5224,2,135,137
272,273,2011-01-12,1,19,False,3,1,0.18,0.1515,0.47,0.4179,1,82,83
273,274,2011-01-12,1,20,False,3,1,0.16,0.1364,0.5,0.3284,2,54,56
274,275,2011-01-12,1,21,False,3,1,0.16,0.1364,0.55,0.3284,0,57,57
275,276,2011-01-12,1,22,False,3,1,0.16,0.1212,0.55,0.4478,1,32,33
276,277,2011-01-12,1,23,False,3,1,0.14,0.1061,0.59,0.4179,1,19,20
277,278,2011-01-13,1,0,False,4,1,0.14,0.1212,0.59,0.2836,1,6,7
278,279,2011-01-13,1,1,False,4,1,0.14,0.1212,0.5,0.2836,0,2,2
279,280,2011-01-13,1,2,False,4,1,0.14,0.1212,0.5,0.3582,0,2,2
280,281,2011-01-13,1,3,False,4,1,0.14,0.1212,0.5,0.3284,0,3,3
281,282,2011-01-13,1,4,False,4,1,0.14,0.1212,0.5,0.2537,0,4,4
282,283,2011-01-13,1,5,False,4,1,0.14,0.1212,0.5,0.2985,0,3,3
283,284,2011-01-13,1,6,False,4,1,0.12,0.1515,0.54,0.1343,0,28,28
284,285,2011-01-13,1,7,False,4,1,0.12,0.1515,0.54,0.1343,0,72,72
285,286,2011-01-13,1,8,False,4,1,0.14,0.1364,0.5,0.194,5,197,202
286,287,2011-01-13,1,9,False,4,1,0.14,0.1212,0.5,0.3284,2,137,139
287,288,2011-01-13,1,10,False,4,2,0.16,0.1364,0.5,0.3582,2,36,38
288,289,2011-01-13,1,11,False,4,2,0.2,0.1667,0.44,0.4478,4,33,37
289,290,2011-01-13,1,12,False,4,1,0.2,0.1667,0.44,0.4179,3,49,52
290,291,2011-01-13,1,13,False,4,1,0.22,0.197,0.41,0.4478,2,81,83
291,292,2011-01-13,1,14,False,4,1,0.22,0.197,0.41,0.3881,3,39,42
292,293,2011-01-13,1,15,False,4,1,0.24,0.2121,0.38,0.2985,5,55,60
293,294,2011-01-13,1,16,False,4,1,0.24,0.2121,0.38,0.3582,2,76,78
294,295,2011-01-13,1,17,False,4,1,0.2,0.1818,0.4,0.2836,4,158,162
295,296,2011-01-13,1,18,False,4,1,0.2,0.1818,0.4,0.3284,3,141,144
296,297,2011-01-13,1,19,False,4,1,0.16,0.1515,0.47,0.2537,1,98,99
297,298,2011-01-13,1,20,False,4,1,0.16,0.1515,0.47,0.2239,0,64,64
298,299,2011-01-13,1,21,False,4,1,0.14,0.1212,0.46,0.2985,0,40,40
299,300,2011-01-13,1,22,False,4,1,0.14,0.1212,0.46,0.3284,0,30,30
300,301,2011-01-13,1,23,False,4,1,0.12,0.1364,0.5,0.194,1,14,15
301,302,2011-01-14,1,0,False,5,1,0.12,0.1364,0.5,0.194,0,14,14
302,303,2011-01-14,1,1,False,5,1,0.1,0.1212,0.54,0.1642,0,5,5
303,304,2011-01-14,1,2,False,5,1,0.1,0.1212,0.54,0.1343,0,1,1
304,305,2011-01-14,1,3,False,5,1,0.1,0.1364,0.54,0.1045,0,1,1
305,306,2011-01-14,1,5,False,5,1,0.1,0.1364,0.54,0.0896,0,8,8
306,307,2011-01-14,1,6,False,5,1,0.1,0.1818,0.54,0.0,0,17,17
307,308,2011-01-14,1,7,False,5,1,0.1,0.1212,0.74,0.1642,0,70,70
308,309,2011-01-14,1,8,False,5,1,0.12,0.1667,0.68,0.0,2,156,158
309,310,2011-01-14,1,9,False,5,1,0.14,0.1515,0.69,0.1343,0,117,117
310,311,2011-01-14,1,10,False,5,1,0.18,0.1818,0.55,0.194,4,40,44
311,312,2011-01-14,1,11,False,5,1,0.18,0.1667,0.51,0.2836,6,47,53
312,313,2011-01-14,1,12,False,5,1,0.2,0.197,0.44,0.2537,2,59,61
313,314,2011-01-14,1,13,False,5,1,0.22,0.197,0.37,0.3881,4,73,77
314,315,2011-01-14,1,14,False,5,1,0.22,0.2121,0.41,0.2836,5,59,64
315,316,2011-01-14,1,15,False,5,1,0.24,0.2424,0.38,0.1642,9,59,68
316,317,2011-01-14,1,16,False,5,1,0.22,0.2424,0.41,0.1045,3,87,90
317,318,2011-01-14,1,17,False,5,1,0.22,0.2273,0.41,0.1642,4,155,159
318,319,2011-01-14,1,18,False,5,1,0.2,0.2576,0.47,0.0,5,134,139
319,320,2011-01-14,1,19,False,5,1,0.16,0.197,0.59,0.0896,3,89,92
320,321,2011-01-14,1,20,False,5,1,0.18,0.2424,0.59,0.0,0,68,68
321,322,2011-01-14,1,21,False,5,1,0.16,0.2273,0.69,0.0,4,48,52
322,323,2011-01-14,1,22,False,5,2,0.16,0.2273,0.69,0.0,2,34,36
323,324,2011-01-14,1,23,False,5,2,0.18,0.2424,0.55,0.0,1,26,27
324,325,2011-01-15,1,0,False,6,1,0.18,0.2424,0.55,0.0,3,25,28
325,326,2011-01-15,1,1,False,6,2,0.16,0.197,0.59,0.0896,2,18,20
326,327,2011-01-15,1,2,False,6,2,0.16,0.197,0.59,0.0896,0,12,12
327,328,2011-01-15,1,3,False,6,2,0.16,0.2273,0.59,0.0,1,7,8
328,329,2011-01-15,1,4,False,6,2,0.16,0.2273,0.59,0.0,0,5,5
329,330,2011-01-15,1,5,False,6,1,0.16,0.2273,0.59,0.0,0,1,1
330,331,2011-01-15,1,6,False,6,1,0.14,0.1667,0.63,0.1045,1,2,3
331,332,2011-01-15,1,7,False,6,1,0.14,0.2121,0.63,0.0,1,9,10
332,333,2011-01-15,1,8,False,6,1,0.14,0.1515,0.63,0.1343,1,22,23
333,334,2011-01-15,1,9,False,6,1,0.16,0.1818,0.64,0.1343,2,31,33
334,335,2011-01-15,1,10,False,6,1,0.18,0.197,0.59,0.1642,2,57,59
335,336,2011-01-15,1,11,False,6,1,0.2,0.197,0.55,0.2239,18,54,72
336,337,2011-01-15,1,12,False,6,1,0.24,0.2273,0.48,0.2239,15,74,89
337,338,2011-01-15,1,13,False,6,1,0.28,0.2576,0.38,0.2985,21,80,101
338,339,2011-01-15,1,14,False,6,1,0.3,0.2879,0.39,0.2836,26,92,118
339,340,2011-01-15,1,15,False,6,2,0.32,0.3182,0.36,0.194,21,108,129
340,341,2011-01-15,1,16,False,6,2,0.34,0.3333,0.34,0.194,33,95,128
341,342,2011-01-15,1,17,False,6,2,0.32,0.303,0.36,0.2836,29,54,83
342,343,2011-01-15,1,18,False,6,2,0.3,0.2879,0.45,0.2537,15,69,84
343,344,2011-01-15,1,19,False,6,2,0.32,0.303,0.39,0.2537,14,60,74
344,345,2011-01-15,1,20,False,6,2,0.32,0.303,0.39,0.2537,6,35,41
345,346,2011-01-15,1,21,False,6,2,0.32,0.303,0.39,0.2239,6,51,57
346,347,2011-01-15,1,22,False,6,2,0.3,0.3182,0.42,0.1045,0,26,26
347,348,2011-01-15,1,23,False,6,1,0.3,0.2879,0.45,0.2836,5,39,44
348,349,2011-01-16,1,0,False,0,1,0.26,0.303,0.56,0.0,6,33,39
349,350,2011-01-16,1,1,False,0,1,0.26,0.2727,0.56,0.1343,4,19,23
350,351,2011-01-16,1,2,False,0,1,0.26,0.2879,0.56,0.0896,3,13,16
351,352,2011-01-16,1,3,False,0,1,0.22,0.2727,0.69,0.0,9,6,15
352,353,2011-01-16,1,4,False,0,1,0.26,0.2576,0.56,0.1642,0,1,1
353,354,2011-01-16,1,5,False,0,2,0.26,0.2576,0.56,0.1642,1,1,2
354,355,2011-01-16,1,6,False,0,2,0.26,0.2576,0.56,0.1642,0,1,1
355,356,2011-01-16,1,7,False,0,2,0.24,0.2121,0.56,0.2985,0,3,3
356,357,2011-01-16,1,8,False,0,1,0.22,0.2121,0.55,0.2836,0,18,18
357,358,2011-01-16,1,9,False,0,1,0.22,0.2121,0.51,0.2537,3,29,32
358,359,2011-01-16,1,10,False,0,1,0.22,0.2121,0.51,0.2836,8,71,79
359,360,2011-01-16,1,11,False,0,1,0.24,0.2273,0.44,0.2537,23,70,93
360,361,2011-01-16,1,12,False,0,1,0.24,0.2121,0.41,0.2836,29,75,104
361,362,2011-01-16,1,13,False,0,1,0.26,0.2273,0.35,0.2985,23,95,118
362,363,2011-01-16,1,14,False,0,1,0.28,0.2727,0.36,0.2537,22,69,91
363,364,2011-01-16,1,15,False,0,1,0.26,0.2424,0.38,0.2537,35,78,113
364,365,2011-01-16,1,16,False,0,1,0.24,0.2273,0.38,0.2239,22,77,99
365,366,2011-01-16,1,17,False,0,1,0.22,0.2121,0.37,0.2537,23,82,105
366,367,2011-01-16,1,18,False,0,1,0.2,0.2121,0.4,0.1642,11,56,67
367,368,2011-01-16,1,19,False,0,1,0.18,0.197,0.47,0.1343,14,47,61
368,369,2011-01-16,1,20,False,0,1,0.18,0.197,0.47,0.1642,7,50,57
369,370,2011-01-16,1,21,False,0,1,0.18,0.197,0.51,0.1642,6,22,28
370,371,2011-01-16,1,22,False,0,2,0.2,0.2121,0.49,0.1343,2,19,21
371,372,2011-01-16,1,23,False,0,2,0.2,0.2273,0.4,0.1045,0,18,18
372,373,2011-01-17,1,0,True,1,2,0.2,0.197,0.47,0.2239,1,16,17
373,374,2011-01-17,1,1,True,1,2,0.2,0.197,0.44,0.194,1,15,16
374,375,2011-01-17,1,2,True,1,2,0.18,0.1667,0.43,0.2537,0,8,8
375,376,2011-01-17,1,3,True,1,2,0.18,0.1818,0.43,0.194,0,2,2
376,377,2011-01-17,1,4,True,1,2,0.18,0.197,0.43,0.1343,1,2,3
377,378,2011-01-17,1,5,True,1,2,0.18,0.197,0.43,0.1642,0,1,1
378,379,2011-01-17,1,6,True,1,2,0.18,0.1818,0.43,0.194,0,5,5
379,380,2011-01-17,1,7,True,1,2,0.16,0.1818,0.5,0.1343,4,9,13
380,381,2011-01-17,1,8,True,1,2,0.16,0.1515,0.47,0.2239,3,30,33
381,382,2011-01-17,1,9,True,1,2,0.16,0.1515,0.47,0.2239,8,39,47
382,383,2011-01-17,1,10,True,1,2,0.16,0.1515,0.5,0.2537,7,50,57
383,384,2011-01-17,1,11,True,1,2,0.16,0.1515,0.55,0.194,9,55,64
384,385,2011-01-17,1,12,True,1,2,0.18,0.197,0.47,0.1343,10,70,80
385,386,2011-01-17,1,13,True,1,2,0.18,0.197,0.47,0.1343,13,80,93
386,387,2011-01-17,1,14,True,1,2,0.18,0.2121,0.43,0.1045,12,74,86
387,388,2011-01-17,1,15,True,1,2,0.2,0.2121,0.47,0.1642,21,72,93
388,389,2011-01-17,1,16,True,1,2,0.2,0.2121,0.47,0.1642,6,76,82
389,390,2011-01-17,1,17,True,1,1,0.2,0.197,0.51,0.194,4,67,71
390,391,2011-01-17,1,18,True,1,2,0.18,0.1667,0.55,0.2537,7,85,92
391,392,2011-01-17,1,19,True,1,3,0.18,0.1818,0.59,0.194,2,58,60
392,393,2011-01-17,1,20,True,1,3,0.16,0.1515,0.8,0.194,4,29,33
393,394,2011-01-17,1,21,True,1,3,0.16,0.1515,0.8,0.194,3,24,27
394,395,2011-01-17,1,22,True,1,3,0.14,0.1212,0.93,0.2537,0,13,13
395,396,2011-01-17,1,23,True,1,3,0.16,0.1364,0.86,0.2836,1,3,4
396,397,2011-01-18,1,12,False,2,2,0.2,0.1818,0.86,0.3284,0,3,3
397,398,2011-01-18,1,13,False,2,2,0.2,0.197,0.86,0.2239,0,22,22
398,399,2011-01-18,1,14,False,2,2,0.22,0.2273,0.8,0.1642,2,26,28
399,400,2011-01-18,1,15,False,2,2,0.22,0.2273,0.87,0.1642,3,32,35
400,401,2011-01-18,1,16,False,2,2,0.22,0.2273,0.87,0.194,0,61,61
401,402,2011-01-18,1,17,False,2,2,0.22,0.2273,0.82,0.194,1,124,125
402,403,2011-01-18,1,18,False,2,2,0.22,0.2273,0.8,0.1642,1,132,133
403,404,2011-01-18,1,19,False,2,2,0.22,0.2273,0.8,0.1343,1,98,99
404,405,2011-01-18,1,20,False,2,2,0.22,0.2727,0.87,0.0,0,83,83
405,406,2011-01-18,1,21,False,2,2,0.22,0.2424,0.93,0.1045,0,41,41
406,407,2011-01-18,1,22,False,2,2,0.22,0.2576,0.93,0.0896,0,33,33
407,408,2011-01-18,1,23,False,2,2,0.22,0.2727,0.93,0.0,1,19,20
408,409,2011-01-19,1,0,False,3,2,0.22,0.2727,0.93,0.0,0,3,3
409,410,2011-01-19,1,1,False,3,3,0.22,0.2273,0.93,0.1343,1,6,7
410,411,2011-01-19,1,2,False,3,3,0.22,0.2273,0.93,0.1343,0,3,3
411,412,2011-01-19,1,4,False,3,3,0.22,0.2273,0.93,0.1343,1,1,2
412,413,2011-01-19,1,5,False,3,2,0.22,0.2576,0.93,0.0896,0,7,7
413,414,2011-01-19,1,6,False,3,2,0.22,0.2576,0.93,0.0896,0,32,32
414,415,2011-01-19,1,7,False,3,2,0.24,0.2576,0.92,0.1045,1,89,90
415,416,2011-01-19,1,8,False,3,2,0.24,0.2576,0.93,0.1045,1,196,197
416,417,2011-01-19,1,9,False,3,2,0.24,0.2576,0.93,0.1045,2,107,109
417,418,2011-01-19,1,10,False,3,2,0.26,0.2727,0.93,0.1343,1,46,47
418,419,2011-01-19,1,11,False,3,2,0.28,0.303,0.87,0.0896,5,47,52
419,420,2011-01-19,1,12,False,3,2,0.3,0.3182,0.81,0.0896,5,65,70
420,421,2011-01-19,1,13,False,3,1,0.4,0.4091,0.62,0.2836,11,67,78
421,422,2011-01-19,1,14,False,3,1,0.4,0.4091,0.58,0.2537,7,68,75
422,423,2011-01-19,1,15,False,3,1,0.4,0.4091,0.54,0.2836,4,78,82
423,424,2011-01-19,1,16,False,3,1,0.38,0.3939,0.58,0.3881,10,94,104
424,425,2011-01-19,1,17,False,3,1,0.36,0.3333,0.57,0.3284,7,190,197
425,426,2011-01-19,1,18,False,3,1,0.34,0.3182,0.61,0.2836,5,156,161
426,427,2011-01-19,1,19,False,3,1,0.32,0.2879,0.57,0.4179,4,108,112
427,428,2011-01-19,1,20,False,3,1,0.32,0.303,0.49,0.2985,2,74,76
428,429,2011-01-19,1,21,False,3,1,0.32,0.2879,0.49,0.4179,4,55,59
429,430,2011-01-19,1,22,False,3,1,0.3,0.303,0.52,0.1642,6,53,59
430,431,2011-01-19,1,23,False,3,1,0.3,0.2727,0.52,0.4627,1,27,28
431,432,2011-01-20,1,0,False,4,1,0.26,0.2273,0.56,0.3881,5,8,13
432,433,2011-01-20,1,1,False,4,1,0.26,0.2727,0.56,0.0,2,3,5
433,434,2011-01-20,1,2,False,4,1,0.26,0.2727,0.56,0.0,0,2,2
434,435,2011-01-20,1,3,False,4,1,0.26,0.2576,0.56,0.1642,0,1,1
435,436,2011-01-20,1,4,False,4,1,0.26,0.2576,0.56,0.1642,0,1,1
436,437,2011-01-20,1,5,False,4,1,0.24,0.2273,0.6,0.2239,0,6,6
437,438,2011-01-20,1,6,False,4,1,0.22,0.2121,0.6,0.2239,0,35,35
438,439,2011-01-20,1,7,False,4,1,0.22,0.2121,0.55,0.2239,1,100,101
439,440,2011-01-20,1,8,False,4,1,0.22,0.2121,0.55,0.2836,2,247,249
440,441,2011-01-20,1,9,False,4,2,0.24,0.2273,0.52,0.2239,3,140,143
441,442,2011-01-20,1,10,False,4,1,0.26,0.2273,0.48,0.2985,1,56,57
442,443,2011-01-20,1,11,False,4,2,0.28,0.2727,0.45,0.1642,5,63,68
443,444,2011-01-20,1,12,False,4,2,0.3,0.3333,0.42,0.0,7,77,84
444,445,2011-01-20,1,13,False,4,2,0.28,0.2879,0.45,0.1045,12,86,98
445,446,2011-01-20,1,14,False,4,2,0.3,0.303,0.45,0.1343,6,75,81
446,447,2011-01-20,1,15,False,4,2,0.32,0.3182,0.45,0.194,8,62,70
447,448,2011-01-20,1,16,False,4,2,0.3,0.303,0.49,0.1343,8,83,91
448,449,2011-01-20,1,17,False,4,2,0.3,0.3182,0.49,0.1045,8,207,215
449,450,2011-01-20,1,18,False,4,2,0.26,0.2576,0.56,0.194,1,184,185
450,451,2011-01-20,1,19,False,4,1,0.26,0.2273,0.56,0.3284,6,146,152
451,452,2011-01-20,1,20,False,4,2,0.26,0.2424,0.6,0.2836,2,124,126
452,453,2011-01-20,1,21,False,4,2,0.24,0.2273,0.6,0.2537,3,54,57
453,454,2011-01-20,1,22,False,4,2,0.24,0.2121,0.65,0.2836,0,56,56
454,455,2011-01-20,1,23,False,4,2,0.24,0.2121,0.65,0.3284,3,28,31
455,456,2011-01-21,1,0,False,5,2,0.24,0.2273,0.7,0.2537,1,20,21
456,457,2011-01-21,1,1,False,5,2,0.24,0.2273,0.7,0.2537,0,6,6
457,458,2011-01-21,1,2,False,5,3,0.24,0.2424,0.75,0.1642,0,2,2
458,459,2011-01-21,1,3,False,5,3,0.22,0.2121,0.8,0.2985,0,1,1
459,460,2011-01-21,1,4,False,5,2,0.22,0.2576,0.87,0.0896,0,1,1
460,461,2011-01-21,1,5,False,5,1,0.24,0.197,0.6,0.4179,1,4,5
461,462,2011-01-21,1,6,False,5,1,0.22,0.2121,0.55,0.2537,0,27,27
462,463,2011-01-21,1,7,False,5,1,0.2,0.1818,0.51,0.2836,2,66,68
463,464,2011-01-21,1,8,False,5,1,0.2,0.1818,0.47,0.3284,7,210,217
464,465,2011-01-21,1,9,False,5,1,0.2,0.1818,0.51,0.3582,7,159,166
465,466,2011-01-21,1,10,False,5,1,0.2,0.1667,0.47,0.4627,6,57,63
466,467,2011-01-21,1,11,False,5,1,0.22,0.1818,0.41,0.4627,6,53,59
467,468,2011-01-21,1,12,False,5,1,0.22,0.1818,0.27,0.5821,11,67,78
468,469,2011-01-21,1,13,False,5,1,0.2,0.1515,0.21,0.5821,8,65,73
469,470,2011-01-21,1,14,False,5,1,0.2,0.1515,0.25,0.5224,6,56,62
470,471,2011-01-21,1,15,False,5,1,0.16,0.1212,0.26,0.4478,4,61,65
471,472,2011-01-21,1,16,False,5,1,0.16,0.1364,0.26,0.3582,0,97,97
472,473,2011-01-21,1,17,False,5,1,0.14,0.1212,0.28,0.3582,10,151,161
473,474,2011-01-21,1,18,False,5,1,0.12,0.1212,0.3,0.2537,1,119,120
474,475,2011-01-21,1,19,False,5,1,0.12,0.1061,0.3,0.3284,3,93,96
475,476,2011-01-21,1,20,False,5,1,0.1,0.0758,0.33,0.4179,1,52,53
476,477,2011-01-21,1,21,False,5,1,0.08,0.0758,0.38,0.2836,0,41,41
477,478,2011-01-21,1,22,False,5,1,0.06,0.0303,0.41,0.3881,1,33,34
478,479,2011-01-21,1,23,False,5,1,0.06,0.0455,0.38,0.3284,0,27,27
479,480,2011-01-22,1,0,False,6,1,0.04,0.0303,0.45,0.2537,0,13,13
480,481,2011-01-22,1,1,False,6,2,0.04,0.0,0.41,0.3881,3,9,12
481,482,2011-01-22,1,2,False,6,2,0.04,0.0303,0.41,0.2537,0,11,11
482,483,2011-01-22,1,3,False,6,2,0.04,0.0303,0.41,0.2836,1,6,7
483,484,2011-01-22,1,4,False,6,2,0.02,0.0152,0.48,0.2985,0,3,3
484,485,2011-01-22,1,6,False,6,2,0.02,0.0303,0.44,0.2239,0,2,2
485,486,2011-01-22,1,7,False,6,1,0.02,0.0152,0.44,0.2836,0,8,8
486,487,2011-01-22,1,8,False,6,1,0.02,0.0,0.44,0.3284,1,26,27
487,488,2011-01-22,1,9,False,6,1,0.04,0.0303,0.41,0.2537,3,37,40
488,489,2011-01-22,1,10,False,6,2,0.04,0.0606,0.41,0.1642,3,50,53
489,490,2011-01-22,1,11,False,6,2,0.06,0.0758,0.38,0.1343,4,59,63
490,491,2011-01-22,1,12,False,6,2,0.06,0.1061,0.38,0.1045,10,60,70
491,492,2011-01-22,1,13,False,6,1,0.08,0.1667,0.35,0.0,12,72,84
492,493,2011-01-22,1,14,False,6,1,0.1,0.1364,0.33,0.1045,11,64,75
493,494,2011-01-22,1,15,False,6,1,0.12,0.1515,0.28,0.0,10,93,103
494,495,2011-01-22,1,16,False,6,1,0.12,0.1364,0.28,0.194,11,72,83
495,496,2011-01-22,1,17,False,6,1,0.12,0.197,0.28,0.0,8,59,67
496,497,2011-01-22,1,18,False,6,1,0.08,0.0909,0.35,0.194,0,54,54
497,498,2011-01-22,1,19,False,6,1,0.08,0.1061,0.35,0.1343,6,53,59
498,499,2011-01-22,1,20,False,6,1,0.06,0.0758,0.45,0.1642,1,44,45
499,500,2011-01-22,1,21,False,6,1,0.06,0.1061,0.41,0.0896,0,39,39
500,501,2011-01-22,1,22,False,6,1,0.06,0.1515,0.49,0.0,7,23,30
501,502,2011-01-22,1,23,False,6,1,0.04,0.0758,0.57,0.1045,2,31,33
502,503,2011-01-23,1,0,False,0,1,0.04,0.0758,0.57,0.1045,2,20,22
503,504,2011-01-23,1,1,False,0,1,0.04,0.0758,0.57,0.1045,1,12,13
504,505,2011-01-23,1,2,False,0,1,0.02,0.0606,0.62,0.1343,3,15,18
505,506,2011-01-23,1,3,False,0,1,0.02,0.0606,0.62,0.1343,1,4,5
506,507,2011-01-23,1,5,False,0,2,0.04,0.0758,0.57,0.1045,0,3,3
507,508,2011-01-23,1,6,False,0,2,0.04,0.0758,0.57,0.1045,0,1,1
508,509,2011-01-23,1,7,False,0,1,0.08,0.1061,0.58,0.1642,1,1,2
509,510,2011-01-23,1,8,False,0,1,0.06,0.0758,0.62,0.1642,2,17,19
510,511,2011-01-23,1,9,False,0,1,0.1,0.0758,0.54,0.3582,3,25,28
511,512,2011-01-23,1,10,False,0,1,0.14,0.1061,0.46,0.3881,7,51,58
512,513,2011-01-23,1,11,False,0,1,0.14,0.1364,0.43,0.2239,22,77,99
513,514,2011-01-23,1,12,False,0,1,0.16,0.1212,0.37,0.4627,24,92,116
514,515,2011-01-23,1,13,False,0,1,0.14,0.1061,0.33,0.3881,12,75,87
515,516,2011-01-23,1,14,False,0,1,0.16,0.1364,0.28,0.3582,17,93,110
516,517,2011-01-23,1,15,False,0,1,0.16,0.1364,0.28,0.3582,13,64,77
517,518,2011-01-23,1,16,False,0,1,0.16,0.1364,0.26,0.3284,9,56,65
518,519,2011-01-23,1,17,False,0,1,0.14,0.1061,0.26,0.3881,5,50,55
519,520,2011-01-23,1,18,False,0,1,0.12,0.1212,0.3,0.2537,5,44,49
520,521,2011-01-23,1,19,False,0,1,0.12,0.1212,0.3,0.2836,5,45,50
521,522,2011-01-23,1,20,False,0,1,0.1,0.1061,0.36,0.2537,4,31,35
522,523,2011-01-23,1,21,False,0,1,0.1,0.1061,0.36,0.194,5,20,25
523,524,2011-01-23,1,22,False,0,1,0.08,0.0909,0.38,0.194,5,23,28
524,525,2011-01-23,1,23,False,0,1,0.06,0.0606,0.41,0.2239,4,17,21
525,526,2011-01-24,1,0,False,1,1,0.06,0.0606,0.41,0.194,0,7,7
526,527,2011-01-24,1,1,False,1,1,0.04,0.0455,0.45,0.194,0,1,1
527,528,2011-01-24,1,3,False,1,1,0.04,0.0303,0.45,0.2537,0,1,1
528,529,2011-01-24,1,4,False,1,1,0.02,0.0606,0.48,0.1343,0,1,1
529,530,2011-01-24,1,5,False,1,1,0.02,0.0606,0.48,0.1343,0,5,5
530,531,2011-01-24,1,6,False,1,1,0.02,0.0758,0.48,0.0896,0,15,15
531,532,2011-01-24,1,7,False,1,1,0.02,0.1212,0.48,0.0,5,79,84
532,533,2011-01-24,1,8,False,1,1,0.04,0.1364,0.49,0.0,6,171,177
533,534,2011-01-24,1,9,False,1,1,0.06,0.1515,0.41,0.0,4,98,102
534,535,2011-01-24,1,10,False,1,1,0.1,0.1364,0.42,0.0,6,34,40
535,536,2011-01-24,1,11,False,1,1,0.1,0.1212,0.46,0.1343,3,43,46
536,537,2011-01-24,1,12,False,1,2,0.12,0.1364,0.42,0.194,11,52,63
537,538,2011-01-24,1,13,False,1,2,0.14,0.1364,0.43,0.2239,6,54,60
538,539,2011-01-24,1,14,False,1,2,0.14,0.1364,0.46,0.2239,2,43,45
539,540,2011-01-24,1,15,False,1,1,0.16,0.1667,0.4,0.1642,7,50,57
540,541,2011-01-24,1,16,False,1,1,0.16,0.1515,0.47,0.2537,4,66,70
541,542,2011-01-24,1,17,False,1,1,0.14,0.1212,0.5,0.2537,6,178,184
542,543,2011-01-24,1,18,False,1,1,0.14,0.1364,0.59,0.194,8,145,153
543,544,2011-01-24,1,19,False,1,1,0.14,0.1515,0.54,0.1642,5,101,106
544,545,2011-01-24,1,20,False,1,1,0.14,0.1364,0.59,0.194,1,80,81
545,546,2011-01-24,1,21,False,1,1,0.14,0.1515,0.63,0.1642,6,53,59
546,547,2011-01-24,1,22,False,1,2,0.14,0.1364,0.63,0.2239,3,32,35
547,548,2011-01-24,1,23,False,1,2,0.16,0.1515,0.64,0.2537,3,21,24
548,549,2011-01-25,1,0,False,2,2,0.16,0.1364,0.69,0.2836,3,6,9
549,550,2011-01-25,1,1,False,2,2,0.16,0.1667,0.69,0.1642,0,5,5
550,551,2011-01-25,1,2,False,2,1,0.16,0.1515,0.69,0.2239,0,2,2
551,552,2011-01-25,1,4,False,2,1,0.14,0.1667,0.74,0.1045,0,1,1
552,553,2011-01-25,1,5,False,2,1,0.14,0.1364,0.74,0.2239,0,9,9
553,554,2011-01-25,1,6,False,2,1,0.16,0.1818,0.74,0.1045,1,35,36
554,555,2011-01-25,1,7,False,2,1,0.16,0.1515,0.74,0.2239,5,103,108
555,556,2011-01-25,1,8,False,2,2,0.16,0.1818,0.74,0.1343,5,233,238
556,557,2011-01-25,1,9,False,2,2,0.2,0.2273,0.64,0.0896,10,134,144
557,558,2011-01-25,1,10,False,2,2,0.22,0.2424,0.6,0.1045,6,49,55
558,559,2011-01-25,1,11,False,2,2,0.24,0.2424,0.6,0.1343,6,55,61
559,560,2011-01-25,1,12,False,2,2,0.26,0.2879,0.56,0.0896,21,85,106
560,561,2011-01-25,1,13,False,2,2,0.26,0.2727,0.56,0.1343,21,72,93
561,562,2011-01-25,1,14,False,2,2,0.3,0.3333,0.45,0.0,11,57,68
562,563,2011-01-25,1,15,False,2,2,0.32,0.3485,0.42,0.0,21,63,84
563,564,2011-01-25,1,16,False,2,2,0.32,0.3485,0.42,0.0,14,102,116
564,565,2011-01-25,1,17,False,2,1,0.3,0.3333,0.45,0.0,14,208,222
565,566,2011-01-25,1,18,False,2,2,0.3,0.3182,0.49,0.0896,7,218,225
566,567,2011-01-25,1,19,False,2,2,0.26,0.2576,0.65,0.1642,13,133,146
567,568,2011-01-25,1,20,False,2,1,0.24,0.2273,0.65,0.194,16,103,119
568,569,2011-01-25,1,21,False,2,1,0.24,0.2273,0.65,0.194,5,40,45
569,570,2011-01-25,1,22,False,2,1,0.22,0.2273,0.64,0.1642,4,49,53
570,571,2011-01-25,1,23,False,2,2,0.22,0.2273,0.64,0.1642,3,37,40
571,572,2011-01-26,1,0,False,3,2,0.22,0.2273,0.69,0.1343,3,14,17
572,573,2011-01-26,1,1,False,3,2,0.24,0.2424,0.65,0.1343,0,5,5
573,574,2011-01-26,1,2,False,3,3,0.22,0.2273,0.69,0.194,3,7,10
574,575,2011-01-26,1,5,False,3,3,0.2,0.1818,0.86,0.2836,0,1,1
575,576,2011-01-26,1,6,False,3,3,0.2,0.1818,0.86,0.2836,0,8,8
576,577,2011-01-26,1,7,False,3,3,0.22,0.2121,0.87,0.2985,1,29,30
577,578,2011-01-26,1,8,False,3,3,0.22,0.2121,0.87,0.2985,3,69,72
578,579,2011-01-26,1,9,False,3,3,0.22,0.2121,0.87,0.2985,3,55,58
579,580,2011-01-26,1,10,False,3,3,0.22,0.2121,0.93,0.2836,2,26,28
580,581,2011-01-26,1,11,False,3,3,0.22,0.197,0.93,0.3284,6,35,41
581,582,2011-01-26,1,12,False,3,3,0.22,0.197,0.93,0.3284,7,41,48
582,583,2011-01-26,1,13,False,3,3,0.22,0.197,0.93,0.3284,4,43,47
583,584,2011-01-26,1,14,False,3,3,0.22,0.197,0.93,0.3582,0,36,36
584,585,2011-01-26,1,15,False,3,3,0.22,0.1818,0.93,0.4627,1,42,43
585,586,2011-01-26,1,16,False,3,4,0.22,0.197,0.93,0.3284,1,35,36
586,587,2011-01-26,1,17,False,3,3,0.2,0.1818,0.93,0.3582,0,26,26
587,588,2011-01-27,1,16,False,4,1,0.22,0.2273,0.55,0.194,1,23,24
588,589,2011-01-27,1,17,False,4,1,0.22,0.2424,0.55,0.1045,2,82,84
589,590,2011-01-27,1,18,False,4,1,0.2,0.2273,0.69,0.0896,3,101,104
590,591,2011-01-27,1,19,False,4,1,0.2,0.2273,0.69,0.0896,3,76,79
591,592,2011-01-27,1,20,False,4,1,0.18,0.2121,0.74,0.0896,4,55,59
592,593,2011-01-27,1,21,False,4,1,0.18,0.2121,0.74,0.0896,2,36,38
593,594,2011-01-27,1,22,False,4,1,0.18,0.2121,0.74,0.0896,0,27,27
594,595,2011-01-27,1,23,False,4,1,0.18,0.197,0.8,0.1642,0,16,16
595,596,2011-01-28,1,0,False,5,2,0.2,0.2121,0.75,0.1343,0,9,9
596,597,2011-01-28,1,1,False,5,2,0.2,0.2121,0.75,0.1343,1,2,3
597,598,2011-01-28,1,2,False,5,2,0.2,0.2121,0.75,0.1642,0,2,2
598,599,2011-01-28,1,3,False,5,2,0.2,0.2273,0.75,0.1045,1,0,1
599,600,2011-01-28,1,5,False,5,2,0.18,0.2121,0.8,0.1045,0,4,4
600,601,2011-01-28,1,6,False,5,2,0.18,0.197,0.8,0.1343,0,16,16
601,602,2011-01-28,1,7,False,5,2,0.16,0.197,0.86,0.0896,2,58,60
602,603,2011-01-28,1,8,False,5,2,0.16,0.197,0.86,0.0896,2,155,157
603,604,2011-01-28,1,9,False,5,3,0.18,0.2121,0.86,0.0896,6,95,101
604,605,2011-01-28,1,10,False,5,3,0.18,0.2121,0.86,0.1045,0,49,49
605,606,2011-01-28,1,11,False,5,3,0.18,0.2121,0.93,0.1045,0,30,30
606,607,2011-01-28,1,12,False,5,3,0.18,0.2121,0.93,0.1045,1,28,29
607,608,2011-01-28,1,13,False,5,3,0.18,0.2121,0.93,0.1045,0,31,31
608,609,2011-01-28,1,14,False,5,3,0.22,0.2727,0.8,0.0,2,36,38
609,610,2011-01-28,1,15,False,5,2,0.2,0.2576,0.86,0.0,1,40,41
